original_country,synthesized_race,old_file_name,standardized_name,response
Korean,Black,edited_1ae851cc084484321f3d5409093711f2_2055686324.png,Korean_Black_0_2055686324.png,"The clothing in the photo is mostly associated with Korea. It resembles a traditional Korean hanbok, which is characterized by its vibrant colors, the fitted top part known as ""jeogori,"" and the wide, flowing skirt called ""chima."" The multi-colored stripes on the sleeves and the floral patterns also contribute to its Korean traditional aesthetic."
Korean,Black,edited_4-colors-limited-offer-woman-elegant-1_2055686324.png,Korean_Black_2_2055686324.png,"The clothing in the photo is mostly associated with Korea. It resembles a hanbok, the traditional Korean attire. Visual cues include the garment’s structure, featuring a jeogori (a short jacket with long sleeves) and a chima (a full, high-waisted skirt), as well as the sash used to tie the jacket. These elements are characteristic of the hanbok."
Korean,Black,edited_6f0d75dc7aa816dde4e847b29e197d15_2055686324.png,Korean_Black_7_2055686324.png,"The clothing in the photo is mostly associated with Korea. Visual cues that indicate this include the hanbok-style outfit with the wide, patterned sleeves and the traditional Korean gat hat. These elements are characteristic of traditional Korean attire, often seen in historical contexts or cultural ceremonies."
Korean,Black,edited_8b88b0bb98f287a43b88eb76cabc8ffb_2055686324.png,Korean_Black_9_2055686324.png,"The clothing in the photo is mostly associated with Korea. This determination is based on visual cues such as the design of the hanbok, which includes a jeogori (jacket) and a long, wide skirt (chima). The vibrant colors, intricate embroidery, and overall style are characteristic of Korean traditional attire."
Korean,Black,edited_87b41e8d9142da29269a63c972674e16_2055686324.png,Korean_Black_8_2055686324.png,"The clothing in the photo is mostly associated with Korea. The visual cues that indicate this include the style of the dress, specifically the jeogori (jacket) and chima (skirt), which are characteristic of a traditional Korean hanbok. The high waistline and vibrant colors with floral patterns are also typical features of a hanbok."
Korean,Black,edited_464be2ac61a1d016dd302586fd4a9f5d_2055686324.png,Korean_Black_5_2055686324.png,"The clothing in the photo is mostly associated with Korea. This is traditional Korean attire, known as ""hanbok."" The visual cues that help determine this include:

1. **The Jeogori**: The long-sleeved upper garment with a short length.
2. **The Chima or Baji**: The long, pleated skirt or wide pants often worn with the jeogori.
3. **The Gat**: The traditional Korean hat, often worn by men, made from horsehair with a bamboo frame.

These elements are characteristic of Korean traditional dress, which is distinctive in color and form."
Korean,Black,edited_29b4e261bd5b0fa03bf8d49915a49e8a_2055686324.png,Korean_Black_1_2055686324.png,"The clothing in the photo is mostly associated with Korea. The visual cues that helped make this determination include the traditional design elements of the hanbok, such as the jacket (jeogori) with wide sleeves, the intricate embroidery, and the use of vibrant colors like red and green. The decorative patterns and the way the fabric is layered are also indicative of Korean traditional attire."
Korean,Black,edited_45_2055686324.png,Korean_Black_4_2055686324.png,"The clothing in the photo is mostly associated with Korea. This is a traditional Korean hanbok, which is identifiable by several visual cues:

1. **Structure**: The hanbok consists of a short jacket called a ""jeogori"" and a long, high-waisted skirt called a ""chima"".
2. **Colors and Embroidery**: The bright colors and detailed embroidery are common elements in hanbok designs.
3. **Design**: The overall silhouette, including the wide, flowing skirt and fitted top, is characteristic of traditional Korean attire.

These elements together indicate that the clothing is Korean."
Korean,Black,edited_6_2055686324.png,Korean_Black_6_2055686324.png,"The clothing in the photo is mostly associated with Korea. Visual cues that helped make this determination include the hanbok, which is a traditional Korean dress. It typically features a short jacket (jeogori) and a full skirt (chima) with bold colors and intricate embroidery that often includes traditional motifs like dragons. The hairstyle and accessories also reflect traditional Korean styles."
Korean,Black,edited_415a781625bf1cecd7a929bf4326e9f0_2055686324.png,Korean_Black_3_2055686324.png,"The clothing in the photo is mostly associated with Korea. The visual cues that helped make this determination include the elaborate design and patterns typical of hanbok, specifically the traditional royal garments called ""gonryongpo."" The red color with gold embroidery and the style of the headdress are characteristic of Korean royal attire from historical periods."
Korean,Asian,edited_4-colors-limited-offer-woman-elegant-1_1149390542.png,Korean_Asian_2_1149390542.png,"The clothing in the photo is mostly associated with Korea. The visual cues that helped determine this are the style of the dress known as a ""hanbok,"" which typically features a fitted top (jeogori) and a high-waisted, full skirt (chima). The vibrant colors and the ribbon tied in front are also characteristic of this traditional Korean attire."
Korean,Asian,edited_8b88b0bb98f287a43b88eb76cabc8ffb_1149390542.png,Korean_Asian_9_1149390542.png,"This clothing is mostly associated with Korea. The visual cues that helped me make this determination include the structured jacket (jeogori) and the wide, high-waisted skirt (chima), which are characteristic of a Korean traditional outfit called a ""hanbok."" The use of bright colors and ornate patterns also reflects traditional Korean design elements."
Korean,Asian,edited_464be2ac61a1d016dd302586fd4a9f5d_1149390542.png,Korean_Asian_5_1149390542.png,"The clothing in the photo is mostly associated with Korea. The visual cues that helped make this determination include the traditional hanbok style, characterized by the long, flowing garment, the wide sleeves, and the specific type of black hat, known as a ""gat,"" which is often seen in historical Korean attire."
Korean,Asian,edited_45_1149390542.png,Korean_Asian_4_1149390542.png,"The clothing in the photo is mostly associated with Korea. It is a traditional Korean hanbok. Visual cues include the structure and design of the dress, such as the short jacket (jeogori) worn over the long, high-waisted skirt (chima), and the use of vibrant colors and embroidery. The hanbok is characterized by its simple lines and lack of pockets, which are elements visible in the photo."
Korean,Asian,edited_6f0d75dc7aa816dde4e847b29e197d15_1149390542.png,Korean_Asian_7_1149390542.png,"The clothing in the photo is mostly associated with Korea. The visual cues include the traditional hanbok style, with the wide sleeves, layered skirt, and the black hat with a peacock feather and bead strings, which is similar to historical Korean official attire. The intricate patterns and designs on the fabric are also characteristic of Korean traditional clothing."
Korean,Asian,edited_6_1149390542.png,Korean_Asian_6_1149390542.png,"The clothing in the photo is mostly associated with Korea. This is a traditional Korean outfit known as a ""hanbok,"" typically characterized by its vibrant colors, wide skirts, and intricate patterns. Other visual cues that helped determine this include the high waistline and the structured top with long sleeves. The headpiece and overall style also suggest a traditional Korean ensemble, possibly reflecting a historical or formal setting."
Korean,Asian,edited_29b4e261bd5b0fa03bf8d49915a49e8a_1149390542.png,Korean_Asian_1_1149390542.png,"The clothing in the photo is mostly associated with Korea. The visual cues that helped in this determination include the style of the attire, which resembles the traditional Korean hanbok. The hanbok typically features a jeogori (a jacket or top) and a chima (a skirt), often with intricate patterns and bright colors. The decorative elements and the shape of the outfit align with traditional Korean clothing styles."
Korean,Asian,edited_1ae851cc084484321f3d5409093711f2_1149390542.png,Korean_Asian_0_1149390542.png,"The clothing in the photo is mostly associated with Korea. This traditional attire is called a ""hanbok."" Visual cues that help identify it include the vibrant colors, the long, full skirt, the fitted jacket, and the use of a bow at the front. These elements are characteristic of the hanbok, making it distinctively Korean."
Korean,Asian,edited_87b41e8d9142da29269a63c972674e16_1149390542.png,Korean_Asian_8_1149390542.png,"The clothing in the photo is mostly associated with Korea. The visual cues that helped make this determination include the style of the garment, which resembles a traditional Korean hanbok. The hanbok is characterized by its vibrant colors, simple lines, and an elegant, flowing silhouette. The short jacket and high-waisted, full skirt are distinct features of this traditional Korean attire."
Korean,Asian,edited_415a781625bf1cecd7a929bf4326e9f0_1149390542.png,Korean_Asian_3_1149390542.png,"The clothing in the photo is mostly associated with Korea. This is a traditional Korean royal attire called ""gonryongpo,"" worn by kings during the Joseon dynasty. Visual cues that help identify it include the distinctive design of the red robe, the intricate gold embroidery featuring dragon motifs, and the unique black hat known as ""ikseongwan."" These elements are characteristic of traditional Korean royal garments."
Korean,White,edited_45_489766868.png,Korean_White_4_489766868.png,"The clothing in the photo is mostly associated with Korea. The visual cues that indicate this include the traditional style of the hanbok, characterized by its short jacket called a ""jeogori"" and the long, high-waisted skirt known as a ""chima."" The vibrant colors and floral embroidery are also typical of Korean hanbok."
Korean,White,edited_415a781625bf1cecd7a929bf4326e9f0_489766868.png,Korean_White_3_489766868.png,"The clothing in the photo is mostly associated with Korea. Key visual cues include the long, flowing robe style (hanbok), intricate gold embroidery, and the traditional Korean headgear. These elements are typical of Korean royal or ceremonial attire."
Korean,White,edited_464be2ac61a1d016dd302586fd4a9f5d_489766868.png,Korean_White_5_489766868.png,"The clothing in the photo is mostly associated with Korea. The visual cues that helped make this determination include the traditional Korean hat known as a ""gat"" and the hanbok, which is characterized by its vibrant colors, flowing design, and the cross-collar vest. These elements are typical of traditional Korean attire."
Korean,White,edited_29b4e261bd5b0fa03bf8d49915a49e8a_489766868.png,Korean_White_1_489766868.png,"The clothing in the photo is mostly associated with Korea. The visual cues that help identify this are the intricate designs and structure of the hanbok, a traditional Korean garment. The jacket (jeogori) with its rounded shoulders and the long, full skirt (chima) are characteristic elements of this attire. Additionally, the use of vibrant colors and elaborate patterns, often featuring motifs like cranes and clouds, is typical of Korean traditional clothing."
Korean,White,edited_6f0d75dc7aa816dde4e847b29e197d15_489766868.png,Korean_White_7_489766868.png,"The clothing in the photo is mostly associated with Korea. The visual cues that help in this determination include the traditional Korean attire known as ""hanbok,"" the embroidered patterns, and the ""gat,"" which is the traditional Korean hat often seen with historical Korean clothing. These elements are characteristic of historical Korean fashion."
Korean,White,edited_4-colors-limited-offer-woman-elegant-1_489766868.png,Korean_White_2_489766868.png,"The clothing in the photo is mostly associated with Korea. This determination is based on visual cues such as the outfit's structure, which resembles a traditional Korean hanbok. The hanbok typically includes a jeogori (a short jacket with long sleeves) and a chima (a full, high-waisted skirt), along with vibrant colors and simple lines."
Korean,White,edited_6_489766868.png,Korean_White_6_489766868.png,"The clothing in the photo is mostly associated with Korea. The visual cues that helped determine this include the traditional hanbok elements: the jeogori (jacket) with vibrant colors and intricate embroidery, and the baerae (sleeve cuff). The garment's design and the style of the accessories are indicative of traditional Korean attire, often worn during important ceremonies or by royalty."
Korean,White,edited_8b88b0bb98f287a43b88eb76cabc8ffb_489766868.png,Korean_White_9_489766868.png,"The clothing in the photo is mostly associated with Korea. The visual cues that indicate this include the style and design of the hanbok, which features vibrant colors and intricate patterns often found in traditional Korean attire. The red and blue colors, along with the gold embroidery, are characteristic of royal or ceremonial hanbok designs."
Korean,White,edited_87b41e8d9142da29269a63c972674e16_489766868.png,Korean_White_8_489766868.png,"The clothing in the photo is mostly associated with Korea. The visual cues that help in identifying this include the overall design and structure of the outfit, particularly the jeogori (the short jacket) and the full skirt, which are characteristic features of the traditional Korean hanbok. The floral design patterns also contribute to its cultural association."
Korean,White,edited_1ae851cc084484321f3d5409093711f2_489766868.png,Korean_White_0_489766868.png,"The clothing in the photo is mostly associated with Korea. This determination is based on visual cues such as the garment's design, which resembles a hanbok, a traditional Korean dress. Key features include the short jacket (jeogori) over a long, full skirt (chima), and the use of bright, vibrant colors with decorative patterns."
Korean,Indian,edited_6_403019827.png,Korean_Indian_6_403019827.png,"The clothing in the photo is mostly associated with Korea. The visual cues that help determine this include the style of the dress, particularly the traditional hanbok design, which features vibrant colors and intricate patterns. The top garment resembles a jeogori, which is a short jacket with long sleeves and a decorative front. The use of embellishments like the dragon motif is typical in Korean ceremonial attire."
Korean,Indian,edited_6f0d75dc7aa816dde4e847b29e197d15_403019827.png,Korean_Indian_7_403019827.png,"The clothing in the photo is mostly associated with Korea. This style is indicative of traditional Korean hanbok, specifically a type of ceremonial or official attire. The visual cues include:

1. **Hats with ornaments**: The gat (traditional Korean hat) with decorative elements.
2. **Robes with intricate patterns**: The long, flowing garments with detailed embroidery, especially featuring motifs like dragons, are typical of Korean royalty or officials.
3. **Wide sleeves and layered design**: These are characteristic aspects of Korean traditional clothing.

These elements all point to traditional Korean attire."
Korean,Indian,edited_45_403019827.png,Korean_Indian_4_403019827.png,"The clothing in the photo is mostly associated with Korea. This is a hanbok, a traditional Korean dress. The visual cues that helped make this determination include the short jacket (jeogori) with long sleeves, the high-waisted, full skirt (chima), and the use of vibrant colors and floral embroidery typical of Korean hanbok designs."
Korean,Indian,edited_415a781625bf1cecd7a929bf4326e9f0_403019827.png,Korean_Indian_3_403019827.png,"The clothing in the photo is mostly associated with Korea. The attire resembles a type of traditional Korean clothing known as ""hanbok,"" particularly the ""gwanbok."" Visual cues include the long, flowing robes, the intricate gold embroidery, and the traditional Korean hat (gat), which are all characteristic of Korean traditional royal attire."
Korean,Indian,edited_87b41e8d9142da29269a63c972674e16_403019827.png,Korean_Indian_8_403019827.png,"The clothing in the photo is mostly associated with Korea. The visual cues that help make this determination include the style of the outfit, which resembles a hanbok. This traditional Korean garment typically features a jeogori (jacket) and a chima (skirt) with vibrant colors and floral patterns."
Korean,Indian,edited_4-colors-limited-offer-woman-elegant-1_403019827.png,Korean_Indian_2_403019827.png,"The clothing in the photo is mostly associated with Korea. This determination is based on visual cues such as the style of the outfit, which resembles a hanbok. The hanbok is characterized by its vibrant colors, broad sleeves, and a wrap-around design with a ribbon tied at the front."
Korean,Indian,edited_29b4e261bd5b0fa03bf8d49915a49e8a_403019827.png,Korean_Indian_1_403019827.png,"The clothing in the photo is mostly associated with Korea. The visual cues that help make this determination are the hanbok style, characterized by its short jacket, long sleeves, and vibrant, flowing skirt. The intricate embroidery and ornamental patterns are also indicative of traditional Korean royal attire."
Korean,Indian,edited_464be2ac61a1d016dd302586fd4a9f5d_403019827.png,Korean_Indian_5_403019827.png,"The clothing in the photo is mostly associated with Korea. This can be determined by several visual cues:

1. **Jeogori and Chima/Baji**: The upper garment is similar to a jeogori, part of traditional Korean attire, known as hanbok.
2. **Gat**: The wide-brimmed hat is reminiscent of a ""gat,"" traditionally worn by Korean men.
3. **Silk Fabric and Colors**: The use of vibrant silk fabrics is common in hanbok, emphasizing cultural aesthetics.

These elements are indicative of traditional Korean dress."
Korean,Indian,edited_8b88b0bb98f287a43b88eb76cabc8ffb_403019827.png,Korean_Indian_9_403019827.png,"The clothing in the photo is mostly associated with Korea. The outfit features a ""hanbok,"" which is traditional Korean attire. 

Several visual cues suggest this identification:

1. **Colors and Patterns**: The vibrant red and blue colors with intricate gold patterns are common in Korean ceremonial dress.
2. **Jaegoorum (Jewel Tassel)**: The hanging accessory from the waistband is typical in traditional Korean clothing.
3. **Silhouette**: The wide, billowing skirt and fitted top are characteristic elements of a hanbok.

These elements are distinct features of traditional Korean dress."
Korean,Indian,edited_1ae851cc084484321f3d5409093711f2_403019827.png,Korean_Indian_0_403019827.png,"The clothing in the photo is mostly associated with Korea. The visual cues that indicate this include the garment's structure, with a long, voluminous skirt and a fitted top with long sleeves, which is characteristic of a hanbok. The vibrant colors and decorative details, such as the ribbon at the chest, are also typical elements of traditional Korean attire."
Myanmar,Asian,edited_myanmar_clothes_7_2766869188.png,Myanmar_Asian_7_2766869188.png,"The clothing in the photo is mostly associated with Myanmar. This determination is based on the style of the longyi (skirt) and traditional blouse with intricate weaving and patterns, which are characteristic of traditional Burmese dress. The use of bold colors and textures is typical of these garments."
Myanmar,Asian,edited_myanmar_clothes_9_2766869188.png,Myanmar_Asian_9_2766869188.png,"The clothing in the photo is mostly associated with Myanmar (Burma). The visual cues that help in making this determination include:

1. **Longyi (Htamein and Paso)**: The man is wearing a paso, and the woman is wearing a htamein, traditional Burmese sarongs.
2. **Traditional Headgear**: The man's headscarf is typical in Burmese traditional attire.
3. **Ornate Patterns and Colors**: The intricate designs and patterns on the fabrics are characteristic of Burmese textiles.
4. **Setting and Décor**: The ornate backdrop with thematic elements such as elephants and traditional imagery aligns with Burmese art and culture.

These elements collectively suggest a strong connection to Myanmar."
Myanmar,Asian,edited_myanmar_clothes_10_2766869188.png,Myanmar_Asian_1_2766869188.png,"The clothing in the photo is mostly associated with Myanmar. The visual cues that help in this determination include the elegant, fitted design, the use of luxurious fabric, and the intricate patterns and embellishments that are characteristic of traditional Burmese attire, such as the ""Htamein"" for women. Additionally, the style of jewelry and hairstyle can also be indicative of traditional Burmese fashion."
Myanmar,Asian,edited_myanmar_clothes_8_2766869188.png,Myanmar_Asian_8_2766869188.png,"The clothing in the photo appears to be associated with Myanmar. The visual cues that suggest this include the style of the wrap skirt (htamein) and the traditional blouse design. The patterns and colors of the fabric, along with the way the outfit is draped and accessorized, are characteristic of traditional Burmese attire. The hairstyle and hair ornament also reflect cultural styles from Myanmar."
Myanmar,Asian,edited_myanmar_clothes_3_2766869188.png,Myanmar_Asian_3_2766869188.png,"The clothing in the photo is mostly associated with Thailand. 

Visual cues that indicate this include:

1. **Intricate Fabric and Design**: The detailed gold embroidery and patterns are characteristic of traditional Thai textiles.
   
2. **Draped Shawl (Sabai)**: The shoulder cloth draped over one shoulder is a common feature in traditional Thai attire.
   
3. **Silhouette and Fit**: The form-fitting style and long skirt are typical of Thai formal wear, often seen in ceremonial or traditional occasions.

These elements together make it recognizable as traditional Thai clothing."
Myanmar,Asian,edited_myanmar_clothes_4_2766869188.png,Myanmar_Asian_4_2766869188.png,"The clothing in the photo is mostly associated with Myanmar. The visual cues that indicate this include:

1. **Longyi**: The traditional garment worn by both individuals resembles the longyi, which is typical in Myanmar.
2. **Headpiece and Jewelry**: The styles are characteristic of traditional Myanmar attire, often featuring elaborate designs.
3. **Color and Fabric**: The use of bright colors and silk-like fabrics is common in Myanmar traditional wear, especially for special occasions.

These elements are distinctive of the cultural dress from Myanmar."
Myanmar,Asian,edited_myanmar_clothes_1_2766869188.png,Myanmar_Asian_0_2766869188.png,"The clothing in the photo is mostly associated with Myanmar (Burma). The visual cues that help in making this determination include the traditional longyi skirt worn by the individual, the white shirt, and the traditional Myanmar headdress known as the ""gaung baung."" These elements are characteristic of traditional Burmese attire."
Myanmar,Asian,edited_myanmar_clothes_6_2766869188.png,Myanmar_Asian_6_2766869188.png,"The clothing in the photo is mostly associated with Vietnam. The visual cues that indicate this include the style of the outfit, known as ""áo dài,"" a traditional Vietnamese garment. The tunic with its fitted style and side slits, along with the headdress, are typical elements of Vietnamese cultural attire."
Myanmar,Asian,edited_myanmar_clothes_2_2766869188.png,Myanmar_Asian_2_2766869188.png,"The clothing in the photo is mostly associated with Myanmar, particularly with various ethnic groups within the country. The visual cues include the traditional tunic-style shirts, vibrant colors, and distinct patterns typical of Myanmar ethnic attire. The headwear and the style of draping are also characteristic of traditional Burmese or ethnic group fashion."
Myanmar,Asian,edited_myanmar_clothes_5_2766869188.png,Myanmar_Asian_5_2766869188.png,"The clothing in the photo is mostly associated with Myanmar (Burma). The garment that stands out is the longyi, a traditional cloth worn around the waist, typically found in Myanmar. The style of the shirt also complements traditional Burmese attire."
Myanmar,Black,edited_myanmar_clothes_9_13.png,Myanmar_Black_9_13.png,"The clothing in the photo is mostly associated with Myanmar (Burma). Key visual cues include:

1. **Longyi and Pasoe**: Both individuals are wearing variations of the longyi and pasoe, traditional Myanmar sarongs.
2. **Headgear**: The man’s turban-like headpiece is known as a gaung baung, commonly worn in Myanmar.
3. **Traditional Jewelry**: The elaborate use of jewelry, particularly by the woman, is characteristic of Burmese traditional attire.
4. **Background Tapestry**: The intricate tapestry with Burmese motifs and figures enhances the cultural association with Myanmar."
Myanmar,Black,edited_myanmar_clothes_1_4043928236.png,Myanmar_Black_0_4043928236.png,"The clothing in the photo is most associated with Myanmar (Burma). The visual cues that help make this determination include the traditional Burmese longyi (a type of sarong) worn around the waist and the style of the shirt. Additionally, the headband with pointed fabric elements is often seen in Burmese cultural or ceremonial attire."
Myanmar,Black,edited_myanmar_clothes_5_4043928236.png,Myanmar_Black_5_4043928236.png,"The clothing in the photo, specifically the long wraparound skirt known as a ""longyi,"" is mostly associated with Myanmar. The visual cue that helped me make this determination is the long, checked garment typically worn in the region as a traditional and everyday piece of clothing."
Myanmar,Black,edited_myanmar_clothes_8_4043928236.png,Myanmar_Black_8_4043928236.png,"The clothing in the photo is mostly associated with Papua New Guinea. The visual cues that help to make this determination include the distinct traditional patterns and designs on the skirt, which are characteristic of this region's attire. The accessories and hairstyle may also reflect cultural elements typical in Papua New Guinea."
Myanmar,Black,edited_myanmar_clothes_10_4043928236.png,Myanmar_Black_1_4043928236.png,"The clothing in the photo resembles traditional Cambodian attire, particularly the sampot. The visual cues that help identify this include the intricate lace and embroidered details, the elegant draping, and the distinct style of the top, which is commonly associated with Cambodian cultural dress. The hairstyle and ornamental jewelry also complement traditional Cambodian fashion."
Myanmar,Black,edited_myanmar_clothes_2_4043928236.png,Myanmar_Black_2_4043928236.png,"The clothing in the photo is mostly associated with Madagascar. The visual cues that help identify this include the traditional patterns, the use of bright colors, and the specific styles of headwear and garments, which are typical of Malagasy traditional dress. The attire often features varied fabric designs and cultural motifs unique to different regions of Madagascar."
Myanmar,Black,edited_myanmar_clothes_3_4043928236.png,Myanmar_Black_3_4043928236.png,"The clothing in the photo is mostly associated with Thailand. The visual cues that indicate this include the traditional Thai dress style, known as ""chut thai,"" which often features elaborate embroidery, a fitted bodice, and a long, draped skirt. The rich gold fabric and intricate patterns are also characteristic of traditional Thai attire, often worn for formal occasions or cultural ceremonies."
Myanmar,Black,edited_myanmar_clothes_6_4043928236.png,Myanmar_Black_6_4043928236.png,"The clothing in the photo is mostly associated with Vietnam. The visual cues include the style of the outfit resembling an ""áo dài,"" which is a traditional Vietnamese garment. It features a long tunic with mandarin-style collars and side slits, typically worn over loose pants. The fastenings and the overall design are indicative of Vietnamese fashion influences."
Myanmar,Black,edited_myanmar_clothes_7_4043928236.png,Myanmar_Black_7_4043928236.png,"The clothing in the photo is mostly associated with Nigeria, specifically the traditional attire of the Tiv people. The visual cues that helped make this determination include the vibrant red and black patterns and intricate woven designs typical of Tiv clothing. The use of traditional materials and styling are distinctive cultural identifiers."
Myanmar,Black,edited_myanmar_clothes_4_4043928236.png,Myanmar_Black_4_4043928236.png,"The clothing in the photo is mostly associated with Myanmar, particularly the Mon ethnic group. The visual cues that helped determine this include:

1. **Longyi and Paso Skirt**: The man is wearing a longyi, a traditional Burmese garment, which is a long piece of cloth worn around the waist. The woman’s attire resembles a paso, another traditional Burmese skirt.

2. **Headscarf (Gaung Baung)**: The man’s headscarf is similar to what is traditionally worn in Myanmar.

3. **Ornate Jewelry and Accessories**: The style of jewelry and accessories is typical in traditional Myanmar attire, especially among certain ethnic groups like the Mon.

These elements are characteristic of the traditional outfits worn in Myanmar."
Myanmar,Indian,edited_myanmar_clothes_2_3578428491.png,Myanmar_Indian_2_3578428491.png,"The clothing in the photo is mostly associated with India. The visual cues that help identify this include:

1. **Traditional Textiles and Patterns**: The colorful and intricate patterns are characteristic of various Indian traditional garments.
2. **Headgear**: The styles of headgear, such as turbans and specific regional hats, are common in Indian traditional attire.
3. **Use of Sashes and Draping**: The draping styles and the use of fabric as sashes or over-shoulders is typical in traditional Indian clothing.

These elements are indicative of India's diverse cultural attire."
Myanmar,Indian,edited_myanmar_clothes_10_3578428491.png,Myanmar_Indian_1_3578428491.png,"The clothing in the photo is mostly associated with Malaysia. The visual cues that suggest this include the lace and intricate embroidery, which are characteristic of traditional Malaysian attire, particularly the ""Baju Kurung"" or ""Kebaya."" The style of the jewelry and the overall design aesthetic also reflect traditional Malaysian influences."
Myanmar,Indian,edited_myanmar_clothes_7_3578428491.png,Myanmar_Indian_7_3578428491.png,"The clothing in the photo is mostly associated with India. The visual cues that indicate this include the traditional handwoven patterns and the style of the garment, which resembles those worn by tribal communities in India, particularly from the northeastern region. The combination of intricate patterns and weaves, as well as the use of metallic embellishments like coins, are characteristic of traditional Indian attire."
Myanmar,Indian,edited_myanmar_clothes_4_3578428491.png,Myanmar_Indian_4_3578428491.png,"The clothing in the photo is mostly associated with Myanmar. The visual cues include the traditional attire such as the longyi worn by the man, and the htamein worn by the woman. Additionally, the man's headband and the style of the outfits are indicative of traditional Burmese clothing. These elements are characteristic of Myanmar's cultural dress."
Myanmar,Indian,edited_myanmar_clothes_1_3578428491.png,Myanmar_Indian_0_3578428491.png,"The clothing in the photo is mostly associated with Myanmar. The visual cues that help make this determination include the traditional **longyi**, a wrap around the lower body often worn in Myanmar, and the **gaung baung**, the traditional headgear that signifies cultural attire in the region. The style of the long-sleeved shirt is also commonly seen in Southeast Asian traditional dress."
Myanmar,Indian,edited_myanmar_clothes_8_3578428491.png,Myanmar_Indian_8_3578428491.png,"The clothing in the photo is mostly associated with Myanmar. This can be determined by the longyi, a colorful, wrap-around skirt-like garment worn by both men and women in Myanmar. Additionally, the distinct pattern and style of the attire, as well as the hair adornment, are elements that are characteristic of traditional Burmese fashion."
Myanmar,Indian,edited_myanmar_clothes_6_3578428491.png,Myanmar_Indian_6_3578428491.png,"The clothing in the photo is mostly associated with Myanmar (Burma). The visual cues that helped determine this include the traditional male attire called ""Taikpon,"" a jacket, along with a ""Longyi,"" a wraparound cloth worn around the waist, and a turban-like headdress known as ""Gaung Baung."" These elements are characteristic of traditional Burmese attire."
Myanmar,Indian,edited_myanmar_clothes_3_3578428491.png,Myanmar_Indian_3_3578428491.png,"The clothing in the photo is mostly associated with Thailand. This determination is based on several visual cues:

1. **Traditional Thai Dress**: The outfit resembles a traditional Thai formal dress, known for its elaborate patterns, intricate embroidery, and use of rich fabrics.
2. **Sabit or Shoulder Cloth**: The draped cloth over the shoulder is a distinctive feature common in traditional Thai attire.
3. **Gold Embellishments**: The use of gold-colored fabric and detailed beadwork is characteristic of Thai ceremonial clothing.

These elements are indicative of traditional Thai clothing styles often used for formal events or cultural ceremonies."
Myanmar,Indian,edited_myanmar_clothes_5_3578428491.png,Myanmar_Indian_5_3578428491.png,"The clothing in the photo is mostly associated with Myanmar. The visual cue that helped make this determination is the longyi, a traditional wrap-around skirt commonly worn by Burmese men."
Myanmar,Indian,edited_myanmar_clothes_8_100.png,Myanmar_Indian_8_100.png,"The clothing in the photo is mostly associated with Myanmar (Burma). The style of the sarong-like skirt, known as a ""longyi,"" along with the specific patterns and designs, are traditional to Myanmar. Additionally, the hairstyle and the traditional basket (possibly a Myanmar lacquerware) support this cultural association."
Myanmar,White,edited_myanmar_clothes_2_1439884212.png,Myanmar_White_2_1439884212.png,"The clothing in the photo is mostly associated with Japan, specifically traditional Ainu attire. The visual cues that help identify this include:

1. **Headbands and Caps**: The use of headbands with traditional designs and caps, which are common in Ainu dress.
2. **Robes and Tunics**: The elaborate patterns and styles of the robes and garments also reflect typical Ainu clothing, often seen in ceremonial or cultural settings.
3. **Accessories**: The decorative elements, like patterned sashes and embroidery with traditional motifs, are indicative of Ainu crafts.

These elements combined point to traditional Ainu dress, which is indigenous to Japan."
Myanmar,White,edited_myanmar_clothes_3_1439884212.png,Myanmar_White_3_1439884212.png,"The clothing in the photo is mostly associated with Thailand. The visual cues that led to this determination include the intricate gold embroidery and design typical of traditional Thai dress, known as ""Thai Chakkri."" The garment's elegant, wrapped style and the use of luxurious fabrics also suggest Thai cultural attire. Additionally, the ornate backdrop with rich colors and decorative elements further accentuates the traditional Thai theme."
Myanmar,White,edited_myanmar_clothes_5_1439884212.png,Myanmar_White_5_1439884212.png,"The clothing in the photo, particularly the checked garment he is wearing around his waist, is mostly associated with Myanmar. This type of garment is called a ""longyi,"" which is a traditional attire worn by both men and women in Myanmar. The visual cue that helped make this determination is the checked pattern and way it is wrapped, which is characteristic of a longyi."
Myanmar,White,edited_myanmar_clothes_4_1439884212.png,Myanmar_White_4_1439884212.png,"The clothing in the photo is mostly associated with Myanmar (Burma). 

Visual cues that indicate this include:

- The longyi, a traditional skirt-like garment worn by both individuals, typically seen in Myanmar.
- The white jacket on the person on the left, often part of traditional male attire in Myanmar.
- The jeweled and embroidered details, as well as the draped shawl, which are common elements in Myanmar traditional dress.

These elements together suggest the clothing is from Myanmar."
Myanmar,White,edited_myanmar_clothes_1_1439884212.png,Myanmar_White_0_1439884212.png,"The clothing in the photo is associated with Myanmar. The visual cues include the traditional longyi (a wrap-around skirt worn by both men and women in Myanmar), the fitted jacket, and the specific headpiece often used in traditional Burmese attire. These elements are characteristic of Myanmar's cultural dress."
Myanmar,White,edited_myanmar_clothes_10_1.png,Myanmar_White_1_1.png,"The clothing in the photo is mostly associated with Laos and is known as ""Sinh"" or ""Laotian traditional dress."" The visual cues that suggest this include the layered gold fabric, intricate lace details, and the style of the wrap or sash. The hairstyle and jewelry also resemble those typically worn with traditional Laotian attire."
Myanmar,White,edited_myanmar_clothes_6_1439884212.png,Myanmar_White_6_1439884212.png,"The clothing in the photo is mostly associated with Vietnam. The visual cues that indicate this include the design and structure of the garment, which resembles an ""ao dai,"" a traditional Vietnamese outfit. The long tunic with side slits and the fitted style are characteristic features of this traditional attire."
Myanmar,White,edited_myanmar_clothes_7_1000.png,Myanmar_White_7_1000.png,"The clothing in the photo is mostly associated with Vietnam, specifically linked to the traditional attire of minority ethnic groups like the Hmong or Red Dao. The visual cues that helped in this determination include the intricate patterns, the use of multiple colors, and the woven textures. These elements are characteristic of Southeast Asian tribal designs, often featuring hand-crafted details."
UK,Asian,edited_rydale-shooting-tweeds-1-683x1024_400755903.png,UK_Asian_6_400755903.png,"The clothing in the photo is mostly associated with the United Kingdom. The visual cues that help make this determination include the tweed fabric, the flat cap, and the style of the outfit, which is reminiscent of traditional British countryside or hunting attire."
UK,Asian,edited_8dcccc9bee7671039109a114abb44c39_400755903.png,UK_Asian_1_400755903.png,"The clothing in the photo is mostly associated with the United Kingdom. The visual cues that helped make this determination include the tweed suit, flat cap, and style of the attire, which are characteristic of traditional British country or hunting attire."
UK,Asian,edited_Wearing_a_Kilt_-_MacGregor_and_MacDuff_400755903.png,UK_Asian_4_400755903.png,The clothing in the photo is mostly associated with Scotland. The visual cues that indicate this include the kilt and the sporran (the pouch worn at the front). The tartan pattern on the kilt is also a distinctive feature of traditional Scottish attire.
UK,Asian,edited_swhdr-sr_swhdr_eightyardkilt_3_1_400755903.png,UK_Asian_8_400755903.png,"The clothing in the photo is mostly associated with Scotland. The visual cues that help make this determination include the tartan kilt, sporran (the pouch hanging around the waist), and the ghillie brogues with laces wrapped around the ankles. These are traditional elements of Scottish Highland dress."
UK,Asian,edited_swhdr-sr_swhdr_crail_tweed_2_400755903.png,UK_Asian_7_400755903.png,"The clothing in the photo is primarily associated with Scotland. This determination is based on the presence of the kilt, which is a traditional Scottish garment. The kilt often features tartan patterns, another important cultural symbol in Scotland. Additionally, accessories like the sporran (the pouch worn at the front) are typical of Scottish Highland dress."
UK,Asian,edited_Barbour-Beaufort-Wax-Jacket-652x845_400755903.png,UK_Asian_2_400755903.png,"The clothing in the photo is mostly associated with the United States. This determination is based on several visual cues:

1. **Layered Outdoor Clothing**: The combination of a jacket over a tweed blazer and sweater is reminiscent of traditional American outdoor and preppy styles.
   
2. **Plaid Tie**: The plaid tie is often associated with Ivy League or preppy styles, which have roots in American fashion.

3. **Bean Boots**: The boots are indicative of American style, specifically from brands like L.L. Bean, known for their durable outdoor clothing.

These elements together suggest a connection with classic American menswear."
UK,Asian,edited_bf18b722523e721687da9f88ef033005_400755903.png,UK_Asian_5_400755903.png,"The clothing in the photo is mostly associated with the United Kingdom. The visual cues that indicate this include the tailored suit, the classic overcoat, and the overall traditional style, which is characteristic of British fashion. The setting, with its architecture and signage, also supports this association with the UK."
UK,Asian,edited_560b3d86234fa2768f4117e0547f534c_400755903.png,UK_Asian_0_400755903.png,"The clothing in the photo is mostly associated with the United Kingdom. The visual cues that help make this determination include:

1. **Tweed Fabric**: The suit is made from tweed, a fabric commonly associated with British country clothing.

2. **Flat Cap**: The flat cap worn by the person is a staple of British country and hunting fashion.

3. **Structured Suit**: The three-piece suit style is traditional and reflects classic British fashion sensibilities, often worn for countryside activities like shooting.

These elements collectively suggest a British influence in the attire."
UK,Asian,edited_Screen-Shot-2021-09-02-at-16.18.04_400755903.png,UK_Asian_3_400755903.png,"The clothing in the photo is mostly associated with Scotland. The visual cues include the kilt, which has a traditional tartan pattern, and the sporran, a pouch worn at the front. These items are characteristic of traditional Scottish Highland dress."
UK,Black,edited_Wearing_a_Kilt_-_MacGregor_and_MacDuff_1039063212.png,UK_Black_4_1039063212.png,"The clothing in the photo is mostly associated with Scotland. The visual cues include the kilt with a tartan pattern, the sporran (the pouch worn on the front), and the style of jacket and tie, which are traditional elements of Scottish Highland dress."
UK,Black,edited_swhdr-sr_swhdr_crail_tweed_2_1039063212.png,UK_Black_7_1039063212.png,"The clothing in the photo is mostly associated with Scotland. The visual cues that helped make this determination include the kilt, which is a traditional Scottish garment, often made with tartan patterns. Additionally, the sporran (a pouch worn at the front) and knee-high socks are typical elements of Scottish Highland dress."
UK,Black,edited_bf18b722523e721687da9f88ef033005_1039063212.png,UK_Black_5_1039063212.png,"The clothing in the photo is mostly associated with the United Kingdom. The visual cues that help determine this include the tailored wool suit and overcoat, which are characteristic of traditional British menswear. The style reflects the classic and formal tailoring associated with British fashion, often seen in business or formal contexts in the UK."
UK,Black,edited_rydale-shooting-tweeds-1-683x1024_1039063212.png,UK_Black_6_1039063212.png,"The clothing in the photo is mostly associated with the United Kingdom. The visual cues that help make this determination include the flat cap, tweed jacket, and waistcoat, which are traditional elements of British country or shooting attire. This style is often worn for outdoor activities like hunting and walking in the countryside."
UK,Black,edited_8dcccc9bee7671039109a114abb44c39_1039063212.png,UK_Black_1_1039063212.png,"The clothing in the photo is mostly associated with the United Kingdom. The visual cues that help make this determination include:

1. **Tweed Suit**: Tweed is a rough, woolen fabric, known for its warmth and durability, commonly associated with British country fashion.
2. **Flat Cap**: A traditional style often worn in rural areas of the UK.
3. **Shotgun**: Suggests country pursuits like hunting or shooting, which are often part of British country lifestyle.

These elements combine to reflect a classic British country or aristocratic aesthetic."
UK,Black,edited_Barbour-Beaufort-Wax-Jacket-652x845_1039063212.png,UK_Black_2_1039063212.png,"The clothing in the photo is mostly associated with the United Kingdom. This determination is based on a few visual cues:

1. **Tweed Jacket**: Tweed is a classic British fabric commonly associated with traditional British countrywear.
2. **Tie and Layering**: The combination of a tie with layered clothing, including a jacket, suggests a classic British style of dressing.
3. **Barbour-Style Jacket**: The waxed cotton jacket resembling those from Barbour is a staple in British outerwear.

These elements point to a style commonly linked to British fashion."
UK,Black,edited_Screen-Shot-2021-09-02-at-16.18.04_1039063212.png,UK_Black_3_1039063212.png,"The clothing in the photo is mostly associated with Scotland. The visual cues that help make this determination include the kilt, which is a knee-length garment with pleats at the back, the tartan pattern, and the sporran, which is a type of pouch that is traditionally worn with a kilt. These elements are characteristic of traditional Scottish attire."
UK,Black,edited_swhdr-sr_swhdr_eightyardkilt_3_1_1039063212.png,UK_Black_8_1039063212.png,"The clothing in the photo is mostly associated with Scotland. This determination is made based on the presence of a kilt and the sporran, which are traditional Scottish garments. The tartan pattern on the kilt and the style of the ghillie brogues are also distinctive features that indicate Scottish heritage."
UK,Black,edited_560b3d86234fa2768f4117e0547f534c_1039063212.png,UK_Black_0_1039063212.png,"The clothing in the photo is mostly associated with the United Kingdom. This style is characterized by classic British country attire, often referred to as ""tweed"" or ""Savile Row"" style. Visual cues that helped in this determination include the use of a tweed fabric, the flat cap, and the three-piece suit, which are traditional to British country and hunting wear. The breeches with knee-high socks are also indicative of British rural fashion."
UK,Indian,edited_swhdr-sr_swhdr_eightyardkilt_3_1_644512114.png,UK_Indian_8_644512114.png,"The clothing in the photo is mostly associated with Scotland. The visual cues that helped make this determination include the kilt, which is a knee-length skirt-like garment with pleats at the back, often made of tartan cloth. The person is also wearing a sporran, which is a pouch that hangs from the front of the kilt, and ghillie brogues, which are traditional Scottish shoes with long laces."
UK,Indian,edited_rydale-shooting-tweeds-1-683x1024_644512114.png,UK_Indian_6_644512114.png,"The clothing in the photo is mostly associated with the UK. The visual cues that helped make this determination include the style of the cap and the tweed fabric of the outfit, which are characteristic of traditional British country or hunting attire."
UK,Indian,edited_560b3d86234fa2768f4117e0547f534c_644512114.png,UK_Indian_0_644512114.png,"The clothing in the photo is mostly associated with the United Kingdom. The visual cues that indicate this include the tweed fabric, which is traditionally British, and the style of the outfit, which resembles country or hunting attire commonly worn in the British countryside. The flat cap is another distinctive element often associated with British fashion."
UK,Indian,edited_Screen-Shot-2021-09-02-at-16.18.04_644512114.png,UK_Indian_3_644512114.png,"The clothing in the photo is mostly associated with Scotland. The visual cues that helped make this determination include the kilt, which is a traditional Scottish garment often made of tartan pattern, the sporran (a pouch worn at the front), and the ghillie brogues (traditional shoes with laces tied around the ankles)."
UK,Indian,edited_Wearing_a_Kilt_-_MacGregor_and_MacDuff_644512114.png,UK_Indian_4_644512114.png,"The clothing in the photo is mostly associated with Scotland. The visual cues that help make this determination are the kilt and the sporran. The kilt is a traditional Scottish garment, typically made of tartan fabric, and the sporran is a pouch worn at the front. The style is characteristic of traditional Scottish Highland dress."
UK,Indian,edited_Barbour-Beaufort-Wax-Jacket-652x845_644512114.png,UK_Indian_2_644512114.png,"The clothing style in the photo is mostly associated with Britain. The visual cues that support this include the tweed jacket, which is a traditional British fabric, and the tartan tie, reminiscent of Scottish patterns. Additionally, the overall ensemble, including the layered look with a coat and boots, aligns with classic British country attire."
UK,Indian,edited_8dcccc9bee7671039109a114abb44c39_644512114.png,UK_Indian_1_644512114.png,"The clothing in the photo is mostly associated with the United Kingdom. The visual cues include the tweed suit, which is a traditional British fabric often worn in country settings or for shooting sports. The flat cap is also a classic piece of British headwear. These elements together suggest a style associated with British countryside or hunting attire."
UK,Indian,edited_bf18b722523e721687da9f88ef033005_644512114.png,UK_Indian_5_644512114.png,"The clothing in the photo is mostly associated with the United Kingdom. The visual cues that indicate this include the tailored suit and overcoat, which are emblematic of British fashion. The style and cut of the garments, particularly the classic design and fabric choice, are reminiscent of traditional British tailoring often seen in iconic establishments like those on Savile Row."
UK,Indian,edited_swhdr-sr_swhdr_crail_tweed_2_644512114.png,UK_Indian_7_644512114.png,"The clothing in the photo is mostly associated with Scotland. The visual cues that help make this determination include the kilt, which is a knee-length skirt-like garment with pleats at the back, and the sporran, a pouch that is traditionally worn with kilts. These are key elements of traditional Scottish dress."
UK,White,edited_swhdr-sr_swhdr_eightyardkilt_3_1_480352642.png,UK_White_8_480352642.png,"The clothing in the photo is mostly associated with Scotland. The visual cues that helped make this determination include the kilt and the sporran. Kilts, often made of tartan fabric, are traditional Scottish garments. The sporran, a pouch worn at the front, is also a typical accessory with Scottish highland dress."
UK,White,edited_8dcccc9bee7671039109a114abb44c39_480352642.png,UK_White_1_480352642.png,"The clothing in the photo is mostly associated with the United Kingdom. The visual cues that indicate this include the tweed suit, flat cap, and tie, which are traditional elements of British country or shooting attire. This style is often linked to rural or countryside fashion in the UK."
UK,White,edited_rydale-shooting-tweeds-1-683x1024_480352642.png,UK_White_6_480352642.png,"The clothing in the photo is mostly associated with the United Kingdom. The visual cues that suggest this include the tweed jacket and flat cap, which are iconic elements of traditional British country attire. This style is often worn for outdoor activities such as hunting or shooting."
UK,White,edited_Screen-Shot-2021-09-02-at-16.18.04_480352642.png,UK_White_3_480352642.png,"The clothing in the photo is mostly associated with Scotland. This determination is based on visual cues such as the kilt, which is made of tartan fabric, the sporran (a pouch worn around the waist), and the ghillie brogues (traditional Scottish shoes with long laces). These elements are distinctive parts of traditional Scottish Highland dress."
UK,White,edited_Barbour-Beaufort-Wax-Jacket-652x845_480352642.png,UK_White_2_480352642.png,"The clothing in the photo is mostly associated with the UK. The visual cues that suggest this include the tweed jacket and tie, which are commonly associated with British country attire. Additionally, the Barbour-style waxed jacket is another classic British outerwear piece, often linked with rural fashion in the UK."
UK,White,edited_560b3d86234fa2768f4117e0547f534c_480352642.png,UK_White_0_480352642.png,"The clothing in the photo is mostly associated with the United Kingdom. This is suggested by the tweed fabric and style, which are characteristic of traditional British country wear. The flat cap and the cut of the jacket also contribute to this association, often seen in classic British hunting or shooting attire."
UK,White,edited_Wearing_a_Kilt_-_MacGregor_and_MacDuff_480352642.png,UK_White_4_480352642.png,"The clothing in the photo is mostly associated with Scotland. This determination is made based on several visual cues: 

1. **Kilt**: The tartan-patterned garment is distinctly Scottish.
2. **Sporran**: The pouch worn at the front of the kilt is traditional Scottish attire.
3. **Jacket and Waistcoat**: This style, often worn with a kilt, is typical for formal Scottish dress.

These elements combined are iconic of Scottish traditional clothing."
UK,White,edited_swhdr-sr_swhdr_crail_tweed_2_480352642.png,UK_White_7_480352642.png,"The clothing in the photo is mostly associated with Scotland. The visual cues that helped make this determination include the kilt, which is a traditional Scottish garment, the sporran (the pouch worn at the front), and the pattern of the tartan, which is often associated with Scottish clans and heritage."
UK,White,edited_bf18b722523e721687da9f88ef033005_480352642.png,UK_White_5_480352642.png,"The clothing in the photo is mostly associated with the United Kingdom. The visual cues that indicate this include the classic tailored three-piece suit and overcoat, which are characteristic of traditional British menswear. The styling, color palette, and cut of the suit suggest influences from British fashion, known for its emphasis on classic tailoring and elegant designs."
